label,backend,threads,sample,N,rows,cols,seed,repeat,success,attempts,collapses,propagations,rules_s,solve_s,total_s,phase
serial_1_64,serial,1,samples/binary_5x5.txt,2,64,64,41,0,1,1,2074,16127,4.4071e-05,0.208128,0.208169,warmup
serial_1_64,serial,1,samples/binary_5x5.txt,2,64,64,42,1,1,1,2095,16207,4.4071e-05,0.230204,0.230222,measured
serial_1_64,serial,1,samples/binary_5x5.txt,2,64,64,43,2,1,1,2140,16305,4.4071e-05,0.211757,0.211774,measured
serial_1_64,serial,1,samples/binary_5x5.txt,2,64,64,44,3,1,1,2101,16143,4.4071e-05,0.20809,0.208109,measured
serial_1_64,serial,1,samples/binary_5x5.txt,2,64,64,45,4,1,1,2060,16187,4.4071e-05,0.212073,0.212091,measured
serial_1_64,serial,1,samples/binary_5x5.txt,2,64,64,46,5,1,1,2054,16101,4.4071e-05,0.21457,0.214589,measured
omp_1_64,omp,1,samples/binary_5x5.txt,2,64,64,41,0,1,1,2074,16127,2.6724e-05,0.212534,0.212567,warmup
omp_1_64,omp,1,samples/binary_5x5.txt,2,64,64,42,1,1,1,2095,16207,2.6724e-05,0.219687,0.219701,measured
omp_1_64,omp,1,samples/binary_5x5.txt,2,64,64,43,2,1,1,2140,16305,2.6724e-05,0.220033,0.220047,measured
omp_1_64,omp,1,samples/binary_5x5.txt,2,64,64,44,3,1,1,2101,16143,2.6724e-05,0.21847,0.218484,measured
omp_1_64,omp,1,samples/binary_5x5.txt,2,64,64,45,4,1,1,2060,16187,2.6724e-05,0.214256,0.214273,measured
omp_1_64,omp,1,samples/binary_5x5.txt,2,64,64,46,5,1,1,2054,16101,2.6724e-05,0.230911,0.230941,measured
omp_2_64,omp,2,samples/binary_5x5.txt,2,64,64,41,0,1,1,2074,16127,0.000154049,0.558032,0.558103,warmup
omp_2_64,omp,2,samples/binary_5x5.txt,2,64,64,42,1,1,1,2095,16207,0.000154049,0.592247,0.592324,measured
omp_2_64,omp,2,samples/binary_5x5.txt,2,64,64,43,2,1,1,2140,16305,0.000154049,0.571919,0.572002,measured
omp_2_64,omp,2,samples/binary_5x5.txt,2,64,64,44,3,1,1,2101,16143,0.000154049,0.565393,0.565464,measured
omp_2_64,omp,2,samples/binary_5x5.txt,2,64,64,45,4,1,1,2060,16187,0.000154049,0.558167,0.558222,measured
omp_2_64,omp,2,samples/binary_5x5.txt,2,64,64,46,5,1,1,2054,16101,0.000154049,0.569424,0.569515,measured
omp_4_64,omp,4,samples/binary_5x5.txt,2,64,64,41,0,1,1,2074,16127,0.000323011,0.95364,0.953743,warmup
omp_4_64,omp,4,samples/binary_5x5.txt,2,64,64,42,1,1,1,2095,16207,0.000323011,0.947773,0.947885,measured
omp_4_64,omp,4,samples/binary_5x5.txt,2,64,64,43,2,1,1,2140,16305,0.000323011,0.977212,0.977315,measured
omp_4_64,omp,4,samples/binary_5x5.txt,2,64,64,44,3,1,1,2101,16143,0.000323011,1.02718,1.02727,measured
omp_4_64,omp,4,samples/binary_5x5.txt,2,64,64,45,4,1,1,2060,16187,0.000323011,0.91304,0.913146,measured
omp_4_64,omp,4,samples/binary_5x5.txt,2,64,64,46,5,1,1,2054,16101,0.000323011,0.909844,0.909932,measured
omp_8_64,omp,8,samples/binary_5x5.txt,2,64,64,41,0,1,1,2074,16127,0.000581443,1.57702,1.57724,warmup
omp_8_64,omp,8,samples/binary_5x5.txt,2,64,64,42,1,1,1,2095,16207,0.000581443,1.68839,1.68855,measured
omp_8_64,omp,8,samples/binary_5x5.txt,2,64,64,43,2,1,1,2140,16305,0.000581443,1.73509,1.73525,measured
omp_8_64,omp,8,samples/binary_5x5.txt,2,64,64,44,3,1,1,2101,16143,0.000581443,1.67572,1.67588,measured
omp_8_64,omp,8,samples/binary_5x5.txt,2,64,64,45,4,1,1,2060,16187,0.000581443,1.65863,1.65878,measured
omp_8_64,omp,8,samples/binary_5x5.txt,2,64,64,46,5,1,1,2054,16101,0.000581443,1.6106,1.61074,measured
serial_1_128,serial,1,samples/binary_5x5.txt,2,128,128,41,0,1,1,8534,64972,2.5963e-05,3.40428,3.40443,warmup
serial_1_128,serial,1,samples/binary_5x5.txt,2,128,128,42,1,1,1,8107,63337,2.5963e-05,3.29294,3.29305,measured
serial_1_128,serial,1,samples/binary_5x5.txt,2,128,128,43,2,1,1,8426,64302,2.5963e-05,3.50126,3.50131,measured
serial_1_128,serial,1,samples/binary_5x5.txt,2,128,128,44,3,1,1,8468,64859,2.5963e-05,3.34768,3.34773,measured
serial_1_128,serial,1,samples/binary_5x5.txt,2,128,128,45,4,1,1,8387,64793,2.5963e-05,3.33983,3.33988,measured
serial_1_128,serial,1,samples/binary_5x5.txt,2,128,128,46,5,1,1,8306,64052,2.5963e-05,3.35775,3.3578,measured
omp_1_128,omp,1,samples/binary_5x5.txt,2,128,128,41,0,1,1,8534,64972,2.5948e-05,3.51285,3.513,warmup
omp_1_128,omp,1,samples/binary_5x5.txt,2,128,128,42,1,1,1,8107,63337,2.5948e-05,3.31555,3.31559,measured
omp_1_128,omp,1,samples/binary_5x5.txt,2,128,128,43,2,1,1,8426,64302,2.5948e-05,3.46446,3.46452,measured
omp_1_128,omp,1,samples/binary_5x5.txt,2,128,128,44,3,1,1,8468,64859,2.5948e-05,3.5616,3.56164,measured
omp_1_128,omp,1,samples/binary_5x5.txt,2,128,128,45,4,1,1,8387,64793,2.5948e-05,3.4852,3.48527,measured
omp_1_128,omp,1,samples/binary_5x5.txt,2,128,128,46,5,1,1,8306,64052,2.5948e-05,3.44475,3.4448,measured
omp_2_128,omp,2,samples/binary_5x5.txt,2,128,128,41,0,1,1,8534,64972,0.000125652,3.61406,3.61429,warmup
omp_2_128,omp,2,samples/binary_5x5.txt,2,128,128,42,1,1,1,8107,63337,0.000125652,3.6417,3.64179,measured
omp_2_128,omp,2,samples/binary_5x5.txt,2,128,128,43,2,1,1,8426,64302,0.000125652,3.97055,3.97064,measured
omp_2_128,omp,2,samples/binary_5x5.txt,2,128,128,44,3,1,1,8468,64859,0.000125652,4.31866,4.31874,measured
omp_2_128,omp,2,samples/binary_5x5.txt,2,128,128,45,4,1,1,8387,64793,0.000125652,4.26348,4.26358,measured
omp_2_128,omp,2,samples/binary_5x5.txt,2,128,128,46,5,1,1,8306,64052,0.000125652,4.12169,4.1218,measured
omp_4_128,omp,4,samples/binary_5x5.txt,2,128,128,41,0,1,1,8534,64972,0.000305555,5.25583,5.25607,warmup
omp_4_128,omp,4,samples/binary_5x5.txt,2,128,128,42,1,1,1,8107,63337,0.000305555,5.17234,5.17246,measured
omp_4_128,omp,4,samples/binary_5x5.txt,2,128,128,43,2,1,1,8426,64302,0.000305555,5.30008,5.30021,measured
omp_4_128,omp,4,samples/binary_5x5.txt,2,128,128,44,3,1,1,8468,64859,0.000305555,5.1867,5.18681,measured
omp_4_128,omp,4,samples/binary_5x5.txt,2,128,128,45,4,1,1,8387,64793,0.000305555,5.49621,5.49632,measured
omp_4_128,omp,4,samples/binary_5x5.txt,2,128,128,46,5,1,1,8306,64052,0.000305555,5.46266,5.46282,measured
omp_8_128,omp,8,samples/binary_5x5.txt,2,128,128,41,0,1,1,8534,64972,0.000497872,8.44134,8.44165,warmup
omp_8_128,omp,8,samples/binary_5x5.txt,2,128,128,42,1,1,1,8107,63337,0.000497872,8.0936,8.09376,measured
omp_8_128,omp,8,samples/binary_5x5.txt,2,128,128,43,2,1,1,8426,64302,0.000497872,8.53654,8.53673,measured
omp_8_128,omp,8,samples/binary_5x5.txt,2,128,128,44,3,1,1,8468,64859,0.000497872,8.62062,8.62078,measured
omp_8_128,omp,8,samples/binary_5x5.txt,2,128,128,45,4,1,1,8387,64793,0.000497872,8.42552,8.42568,measured
omp_8_128,omp,8,samples/binary_5x5.txt,2,128,128,46,5,1,1,8306,64052,0.000497872,8.74801,8.74818,measured
