size,backend,threads,n,median_s,q1_s,q3_s,iqr_s,speedup_vs_serial
64,serial,1,5,0.212073,0.211757,0.21457,0.00281300000000001,1.0
64,omp,1,5,0.219687,0.21847,0.220033,0.0015630000000000088,0.9653415996394872
64,omp,2,5,0.569424,0.565393,0.571919,0.006525999999999921,0.37243424934670827
64,omp,4,5,0.947773,0.91304,0.977212,0.064172,0.2237592756915422
64,omp,8,5,1.67572,1.65863,1.68839,0.02976000000000001,0.12655634592891413
128,serial,1,5,3.34768,3.33983,3.35775,0.017919999999999714,1.0
128,omp,1,5,3.46446,3.44475,3.4852,0.040449999999999875,0.9662920051032484
128,omp,2,5,4.12169,3.97055,4.26348,0.2929300000000006,0.8122105252942361
128,omp,4,5,5.30008,5.1867,5.46266,0.27595999999999954,0.6316282018384628
128,omp,8,5,8.53654,8.42552,8.62062,0.19510000000000005,0.39215888404435517
